

 --(Yolcu_TC,Yolcu_Ad,Yolcu_Soyad,Yolcu_Cinsiyet)
INSERT INTO YOLCU VALUES(1,'Ali','ÖZTÜRK','Erkek');
INSERT INTO YOLCU VALUES(2,'Ahmet','SENYURT','Erkek');
INSERT INTO YOLCU VALUES(3,'Zinnet','SEVLUK','Bayan');
INSERT INTO YOLCU VALUES(4,'Tugba','ALGI','Bayan');
INSERT INTO YOLCU VALUES(5,'Tugba','SENYURT','Bayan');
INSERT INTO YOLCU VALUES(6,'Ali','TÜRK','Erkek');
INSERT INTO YOLCU VALUES(7,'Veli','ARSLAN','Erkek');
INSERT INTO YOLCU VALUES(8,'Veli','DURAK','Erkek');
INSERT INTO YOLCU VALUES(9,'Zeynep','DURAK','Bayan');
INSERT INTO YOLCU VALUES(10,'Ibrahim','VARICI','Erkek');
INSERT INTO YOLCU VALUES(11,'Kadir','KURT','Erkek');
INSERT INTO YOLCU VALUES(12,'Ali','ÖZ','Erkek');
INSERT INTO YOLCU VALUES(13,'Mehmet','DURUS','Erkek');
INSERT INTO YOLCU VALUES(14,'Ümit','AKIN','Erkek');
INSERT INTO YOLCU VALUES(15,'Yasemin','EKINCI','Bayan');
INSERT INTO YOLCU VALUES(16,'Yasemin','KINCI','Bayan');
INSERT INTO YOLCU VALUES(17,'Rabia','ALGI','Bayan');
INSERT INTO YOLCU VALUES(18,'Mahmut','YÝLDÝZ','ERKEK');
INSERT INTO YOLCU VALUES(19,'Hüsnü','YASAR','ERKEK');
INSERT INTO YOLCU VALUES(20,'Sevgi','OZDUMAN','Bayan');
INSERT INTO YOLCU VALUES(21,'Reyhan','OZDUMAN','Bayan');
INSERT INTO YOLCU VALUES(22,'Furkan','SARMUSAK','ERKEK');
INSERT INTO YOLCU VALUES(23,'Onur','SAYLAN','ERKEK');
INSERT INTO YOLCU VALUES(24,'Muhsine','ZORCAN','Bayan');
INSERT INTO YOLCU VALUES(25,'Gamze','SEVÝNC','Bayan');
INSERT INTO YOLCU VALUES(26,'Önder','TOSUN','ERKEK');
INSERT INTO YOLCU VALUES(27,'Önder','MESE','ERKEK');
INSERT INTO YOLCU VALUES(28,'Yasemin','SEVÝNC','Bayan');
INSERT INTO YOLCU VALUES(29,'Yasemin','ALGI','Bayan');
INSERT INTO YOLCU VALUES(30,'Leyla','OZDUMAN','Bayan');
INSERT INTO YOLCU VALUES(31,'Ali Said','KURT','ERKEK');
INSERT INTO YOLCU VALUES(32,'Zinnet','GENC','Bayan');


   --1.GÜN 
   --(Bilet_ID,Fiyat,Koltuk_No)
INSERT INTO BILET VALUES(11,50,1);--Yalova Ankara
INSERT INTO BILET VALUES(21,50,2);
INSERT INTO BILET VALUES(31,50,3);
INSERT INTO BILET VALUES(41,50,4);
INSERT INTO BILET VALUES(51,50,5);
INSERT INTO BILET VALUES(61,50,6);
INSERT INTO BILET VALUES(71,50,7);
INSERT INTO BILET VALUES(81,50,8);
INSERT INTO BILET VALUES(91,50,9);
INSERT INTO BILET VALUES(100,50,10);
INSERT INTO BILET VALUES(101,50,11);
INSERT INTO BILET VALUES(102,50,12);
INSERT INTO BILET VALUES(103,50,13);
INSERT INTO BILET VALUES(104,50,14);
INSERT INTO BILET VALUES(105,50,15);
INSERT INTO BILET VALUES(106,50,16);
INSERT INTO BILET VALUES(107,50,17);
INSERT INTO BILET VALUES(108,50,18);


INSERT INTO BILET VALUES(111,15,1);--Yalova Bursa
INSERT INTO BILET VALUES(121,15,2);
INSERT INTO BILET VALUES(131,15,3);
INSERT INTO BILET VALUES(141,15,4);
INSERT INTO BILET VALUES(151,15,5);
INSERT INTO BILET VALUES(161,15,6);
INSERT INTO BILET VALUES(171,15,7);
INSERT INTO BILET VALUES(181,15,8);
INSERT INTO BILET VALUES(191,15,9);
INSERT INTO BILET VALUES(201,15,10);

INSERT INTO BILET VALUES(202,20,1);--Yalova Istanbul
INSERT INTO BILET VALUES(203,20,2);
INSERT INTO BILET VALUES(204,20,3);
INSERT INTO BILET VALUES(205,20,4);
INSERT INTO BILET VALUES(206,20,5);
INSERT INTO BILET VALUES(207,20,6);
INSERT INTO BILET VALUES(208,20,7);
INSERT INTO BILET VALUES(209,20,8);
INSERT INTO BILET VALUES(210,20,9);
INSERT INTO BILET VALUES(211,20,10);
INSERT INTO BILET VALUES(212,20,11);
INSERT INTO BILET VALUES(213,20,12);
INSERT INTO BILET VALUES(214,20,13);
INSERT INTO BILET VALUES(215,20,14);
INSERT INTO BILET VALUES(216,20,15);

INSERT INTO BILET VALUES(300,15,1);--Yalova Bursa
INSERT INTO BILET VALUES(301,15,2);
INSERT INTO BILET VALUES(302,15,3);
INSERT INTO BILET VALUES(303,15,4);
INSERT INTO BILET VALUES(304,15,5);
INSERT INTO BILET VALUES(305,15,6);
INSERT INTO BILET VALUES(306,15,7);
INSERT INTO BILET VALUES(307,15,8);
INSERT INTO BILET VALUES(308,15,9);
INSERT INTO BILET VALUES(309,15,10);
   --2.Gün
INSERT INTO BILET VALUES(400,50,1);--Yalova Ankara
INSERT INTO BILET VALUES(401,50,2);
INSERT INTO BILET VALUES(402,50,3);
INSERT INTO BILET VALUES(403,50,4);
INSERT INTO BILET VALUES(404,50,5);
INSERT INTO BILET VALUES(405,50,6);
INSERT INTO BILET VALUES(406,50,7);
INSERT INTO BILET VALUES(407,50,8);
INSERT INTO BILET VALUES(408,50,9);
INSERT INTO BILET VALUES(409,50,10);

INSERT INTO BILET VALUES(500,35,1);--Yalova Manisa
INSERT INTO BILET VALUES(501,35,2);
INSERT INTO BILET VALUES(502,35,3);
INSERT INTO BILET VALUES(503,35,4);
INSERT INTO BILET VALUES(504,35,5);
INSERT INTO BILET VALUES(505,35,6);
INSERT INTO BILET VALUES(506,35,7);
INSERT INTO BILET VALUES(507,35,8);
INSERT INTO BILET VALUES(508,35,9);
INSERT INTO BILET VALUES(509,35,10);

INSERT INTO BILET VALUES(600,20,1);--Yalova Istanbul
INSERT INTO BILET VALUES(601,20,2);
INSERT INTO BILET VALUES(602,20,3);
INSERT INTO BILET VALUES(603,20,4);
INSERT INTO BILET VALUES(604,20,5);
INSERT INTO BILET VALUES(605,20,6);
INSERT INTO BILET VALUES(606,20,7);
INSERT INTO BILET VALUES(607,20,8);
INSERT INTO BILET VALUES(608,20,9);
INSERT INTO BILET VALUES(609,20,10);
INSERT INTO BILET VALUES(610,20,11);
INSERT INTO BILET VALUES(611,20,12);
INSERT INTO BILET VALUES(612,20,13);
INSERT INTO BILET VALUES(613,20,14);
INSERT INTO BILET VALUES(614,20,15);
INSERT INTO BILET VALUES(615,20,16);
INSERT INTO BILET VALUES(616,20,17);
INSERT INTO BILET VALUES(617,20,18);
INSERT INTO BILET VALUES(618,20,19);
INSERT INTO BILET VALUES(619,20,20);

INSERT INTO BILET VALUES(700,15,1);--Yalova Bursa
INSERT INTO BILET VALUES(701,15,2);
INSERT INTO BILET VALUES(702,15,3);
INSERT INTO BILET VALUES(703,15,4);
INSERT INTO BILET VALUES(704,15,5);
INSERT INTO BILET VALUES(705,15,6);
INSERT INTO BILET VALUES(706,15,7);
INSERT INTO BILET VALUES(707,15,8);
INSERT INTO BILET VALUES(708,15,9);
INSERT INTO BILET VALUES(709,15,10);
INSERT INTO BILET VALUES(710,15,11);
INSERT INTO BILET VALUES(711,15,12);
INSERT INTO BILET VALUES(712,15,13);
INSERT INTO BILET VALUES(713,15,14);
INSERT INTO BILET VALUES(714,15,15);
   --1.GÜN BÝLET ALIÞ
   --(Alis_Tarihi,Bilet_ID,Yolcu_TC)
INSERT INTO ALIS VALUES('09-10-2014',11,1);--Ankara
INSERT INTO ALIS VALUES('09-10-2014',21,2);
INSERT INTO ALIS VALUES('09-10-2014',31,3);
INSERT INTO ALIS VALUES('09-10-2014',41,4);
INSERT INTO ALIS VALUES('09-10-2014',51,5);
INSERT INTO ALIS VALUES('09-10-2014',61,6);
INSERT INTO ALIS VALUES('09-10-2014',71,7);
INSERT INTO ALIS VALUES('09-10-2014',81,8);
INSERT INTO ALIS VALUES('09-10-2014',91,9);
INSERT INTO ALIS VALUES('09-10-2014',100,10);
INSERT INTO ALIS VALUES('09-10-2014',101,11);
INSERT INTO ALIS VALUES('09-10-2014',102,12);
INSERT INTO ALIS VALUES('09-10-2014',103,13);
INSERT INTO ALIS VALUES('09-10-2014',104,14);
INSERT INTO ALIS VALUES('09-10-2014',105,15);
INSERT INTO ALIS VALUES('09-10-2014',106,16);
INSERT INTO ALIS VALUES('09-10-2014',107,17);
INSERT INTO ALIS VALUES('09-10-2014',108,18);


INSERT INTO ALIS VALUES('09-10-2014',111,5);--BURSA
INSERT INTO ALIS VALUES('09-10-2014',121,6);
INSERT INTO ALIS VALUES('09-10-2014',131,7);
INSERT INTO ALIS VALUES('09-10-2014',141,8);
INSERT INTO ALIS VALUES('09-10-2014',151,9);
INSERT INTO ALIS VALUES('09-10-2014',161,10);
INSERT INTO ALIS VALUES('09-10-2014',171,11);
INSERT INTO ALIS VALUES('09-10-2014',181,12);
INSERT INTO ALIS VALUES('09-10-2014',191,13);
INSERT INTO ALIS VALUES('09-10-2014',201,14);

INSERT INTO ALIS VALUES('09-10-2014',202,1);--ISTANBUL
INSERT INTO ALIS VALUES('09-10-2014',203,2);
INSERT INTO ALIS VALUES('09-10-2014',204,3);
INSERT INTO ALIS VALUES('09-10-2014',205,4);
INSERT INTO ALIS VALUES('09-10-2014',206,5);
INSERT INTO ALIS VALUES('09-10-2014',207,6);
INSERT INTO ALIS VALUES('09-10-2014',208,7);
INSERT INTO ALIS VALUES('09-10-2014',209,8);
INSERT INTO ALIS VALUES('09-10-2014',210,9);
INSERT INTO ALIS VALUES('09-10-2014',211,10);
INSERT INTO ALIS VALUES('09-10-2014',212,11);
INSERT INTO ALIS VALUES('09-10-2014',213,12);
INSERT INTO ALIS VALUES('09-10-2014',214,13);
INSERT INTO ALIS VALUES('09-10-2014',215,14);
INSERT INTO ALIS VALUES('09-10-2014',216,15);
    --2.GÜN BÝLET ALIÞ
INSERT INTO ALIS VALUES('10-10-2014',400,1);--Ankara
INSERT INTO ALIS VALUES('10-10-2014',401,2);
INSERT INTO ALIS VALUES('10-10-2014',402,3);
INSERT INTO ALIS VALUES('10-10-2014',403,4);
INSERT INTO ALIS VALUES('10-10-2014',404,5);
INSERT INTO ALIS VALUES('10-10-2014',405,6);
INSERT INTO ALIS VALUES('10-10-2014',406,7);
INSERT INTO ALIS VALUES('10-10-2014',407,8);
INSERT INTO ALIS VALUES('10-10-2014',408,9);
INSERT INTO ALIS VALUES('10-10-2014',409,10);

INSERT INTO ALIS VALUES('10-10-2014',700,5);--BURSA
INSERT INTO ALIS VALUES('10-10-2014',701,6);
INSERT INTO ALIS VALUES('10-10-2014',702,7);
INSERT INTO ALIS VALUES('10-10-2014',703,8);
INSERT INTO ALIS VALUES('10-10-2014',704,9);
INSERT INTO ALIS VALUES('10-10-2014',705,10);
INSERT INTO ALIS VALUES('10-10-2014',706,11);
INSERT INTO ALIS VALUES('10-10-2014',707,12);
INSERT INTO ALIS VALUES('10-10-2014',708,13);
INSERT INTO ALIS VALUES('10-10-2014',709,14);

INSERT INTO ALIS VALUES('10-10-2014',600,1);--ISTANBUL
INSERT INTO ALIS VALUES('10-10-2014',601,2);
INSERT INTO ALIS VALUES('10-10-2014',602,3);
INSERT INTO ALIS VALUES('10-10-2014',603,4);
INSERT INTO ALIS VALUES('10-10-2014',604,5);
INSERT INTO ALIS VALUES('10-10-2014',605,6);
INSERT INTO ALIS VALUES('10-10-2014',606,7);
INSERT INTO ALIS VALUES('10-10-2014',607,8);
INSERT INTO ALIS VALUES('10-10-2014',608,9);
INSERT INTO ALIS VALUES('10-10-2014',609,10);
INSERT INTO ALIS VALUES('10-10-2014',610,11);
INSERT INTO ALIS VALUES('10-10-2014',611,12);
INSERT INTO ALIS VALUES('10-10-2014',612,13);
INSERT INTO ALIS VALUES('10-10-2014',613,14);
INSERT INTO ALIS VALUES('10-10-2014',614,15);

INSERT INTO ALIS VALUES('10-10-2014',500,20);-- Manisa
INSERT INTO ALIS VALUES('10-10-2014',501,21);-- Manisa
INSERT INTO ALIS VALUES('10-10-2014',502,22);-- Manisa
INSERT INTO ALIS VALUES('10-10-2014',503,23);-- Manisa
INSERT INTO ALIS VALUES('10-10-2014',504,24);-- Manisa
INSERT INTO ALIS VALUES('10-10-2014',505,25);-- Manisa
INSERT INTO ALIS VALUES('10-10-2014',506,26);-- Manisa
INSERT INTO ALIS VALUES('10-10-2014',507,27);-- Manisa
INSERT INTO ALIS VALUES('10-10-2014',508,28);-- Manisa
INSERT INTO ALIS VALUES('10-10-2014',509,29);-- Manisa







   --1.Gun rezerve Edenler
  --(Yolcu_TC,Bilet_ID,Rezerv_Tarih,Rezerv_BitTarih)
INSERT INTO REZERVASYON VALUES(11,11,'07-10-2014','09-10-2014');--ANKARA
INSERT INTO REZERVASYON VALUES(12,21,'07-10-2014','09-10-2014');
INSERT INTO REZERVASYON VALUES(13,31,'07-10-2014','09-10-2014');
INSERT INTO REZERVASYON VALUES(14,41,'07-10-2014','09-10-2014');
INSERT INTO REZERVASYON VALUES(15,51,'07-10-2014','09-10-2014');

INSERT INTO REZERVASYON VALUES(1,111,'06-10-2014','08-10-2014');--BURSA
INSERT INTO REZERVASYON VALUES(2,121,'06-10-2014','08-10-2014');
INSERT INTO REZERVASYON VALUES(3,131,'06-10-2014','08-10-2014');
INSERT INTO REZERVASYON VALUES(4,141,'06-10-2014','08-10-2014');
INSERT INTO REZERVASYON VALUES(5,151,'06-10-2014','08-10-2014');
  --2.Gun Rezerve Edenler
INSERT INTO REZERVASYON VALUES(6,11,'06-10-2014','08-10-2014');--ANKARA
INSERT INTO REZERVASYON VALUES(7,21,'06-10-2014','08-10-2014');
INSERT INTO REZERVASYON VALUES(8,31,'06-10-2014','08-10-2014');
INSERT INTO REZERVASYON VALUES(9,41,'06-10-2014','08-10-2014');
INSERT INTO REZERVASYON VALUES(10,51,'06-10-2014','08-10-2014');

INSERT INTO REZERVASYON VALUES(15,700,'06-10-2014','08-10-2014');--Bursa
INSERT INTO REZERVASYON VALUES(14,701,'06-10-2014','08-10-2014');
INSERT INTO REZERVASYON VALUES(13,702,'06-10-2014','08-10-2014');
INSERT INTO REZERVASYON VALUES(12,703,'06-10-2014','08-10-2014');
INSERT INTO REZERVASYON VALUES(11,704,'06-10-2014','08-10-2014');
 
 --(Personel_TC,Personel_Ad,Personel_Soyad,Personel_Yas)
INSERT INTO SIRKET_PERSONEL VALUES(20,'Umut','Bulut',25);
INSERT INTO SIRKET_PERSONEL VALUES(21,'Akin','Güleryüz',22);
INSERT INTO SIRKET_PERSONEL VALUES(22,'Hamza','Pak',30);
INSERT INTO SIRKET_PERSONEL VALUES(23,'Efe','Akalin',19);
INSERT INTO SIRKET_PERSONEL VALUES(24,'Mete','Huzur',27);
INSERT INTO SIRKET_PERSONEL VALUES(25,'Eris','Bulut',27);
INSERT INTO SIRKET_PERSONEL VALUES(26,'Yetis','Solak',23);
INSERT INTO SIRKET_PERSONEL VALUES(27,'Dervis','Kaya',24);
INSERT INTO SIRKET_PERSONEL VALUES(28,'Kaya','Sert',36);
INSERT INTO SIRKET_PERSONEL VALUES(29,'Osman','Ada',32);

 --1.GÜN BÝLET SATIÞ (9 EKÝM)
  --(Satis_ID,Personel_TC,Bilet_ID)
INSERT INTO SATIS VALUES(1,20,11);--Ankara
INSERT INTO SATIS VALUES(2,23,21);
INSERT INTO SATIS VALUES(3,21,31);
INSERT INTO SATIS VALUES(4,27,41);
INSERT INTO SATIS VALUES(5,29,51);
INSERT INTO SATIS VALUES(6,29,61);
INSERT INTO SATIS VALUES(7,28,71);
INSERT INTO SATIS VALUES(8,24,81);
INSERT INTO SATIS VALUES(9,20,91);
INSERT INTO SATIS VALUES(10,20,101);

INSERT INTO SATIS VALUES(11,20,111);--Bursa
INSERT INTO SATIS VALUES(12,22,121);
INSERT INTO SATIS VALUES(13,22,131);
INSERT INTO SATIS VALUES(14,21,141);
INSERT INTO SATIS VALUES(15,23,151);
INSERT INTO SATIS VALUES(16,24,161);
INSERT INTO SATIS VALUES(17,24,171);
INSERT INTO SATIS VALUES(18,29,181);
INSERT INTO SATIS VALUES(19,28,191);
INSERT INTO SATIS VALUES(20,27,201);

INSERT INTO SATIS VALUES(21,20,202);--Istanbul
INSERT INTO SATIS VALUES(22,25,203);
INSERT INTO SATIS VALUES(23,25,204);
INSERT INTO SATIS VALUES(24,25,205);
INSERT INTO SATIS VALUES(25,23,206);
INSERT INTO SATIS VALUES(26,28,207);
INSERT INTO SATIS VALUES(27,21,208);
INSERT INTO SATIS VALUES(28,26,209);
INSERT INTO SATIS VALUES(29,26,210);

--2.GÜN BÝLET SATIÞ (10 EKÝM)
INSERT INTO SATIS VALUES(30,21,401);--Ankara
INSERT INTO SATIS VALUES(31,22,402);
INSERT INTO SATIS VALUES(32,25,403);
INSERT INTO SATIS VALUES(33,26,404);
INSERT INTO SATIS VALUES(34,21,405);
INSERT INTO SATIS VALUES(35,29,406);
INSERT INTO SATIS VALUES(36,25,407);
INSERT INTO SATIS VALUES(37,24,408);
INSERT INTO SATIS VALUES(38,22,409);

INSERT INTO SATIS VALUES(39,25,500);--Manisa
INSERT INTO SATIS VALUES(40,21,501);
INSERT INTO SATIS VALUES(41,22,502);
INSERT INTO SATIS VALUES(42,26,503);
INSERT INTO SATIS VALUES(43,26,504);
INSERT INTO SATIS VALUES(44,24,505);
INSERT INTO SATIS VALUES(45,28,506);
INSERT INTO SATIS VALUES(46,29,507);
INSERT INTO SATIS VALUES(47,29,508);
INSERT INTO SATIS VALUES(48,24,509);

INSERT INTO SATIS VALUES(49,20,600);--Istanbul
INSERT INTO SATIS VALUES(50,24,601);
INSERT INTO SATIS VALUES(51,21,602);
INSERT INTO SATIS VALUES(52,21,603);
INSERT INTO SATIS VALUES(53,26,604);
INSERT INTO SATIS VALUES(54,23,605);
INSERT INTO SATIS VALUES(55,29,606);
INSERT INTO SATIS VALUES(56,28,607);
INSERT INTO SATIS VALUES(57,25,608);
INSERT INTO SATIS VALUES(58,25,609);
INSERT INTO SATIS VALUES(59,23,610);
INSERT INTO SATIS VALUES(60,24,611);

INSERT INTO SATIS VALUES(61,25,700);--Bursa
INSERT INTO SATIS VALUES(62,22,701);
INSERT INTO SATIS VALUES(63,23,702);
INSERT INTO SATIS VALUES(64,29,703);
INSERT INTO SATIS VALUES(65,27,704);
INSERT INTO SATIS VALUES(66,22,705);
INSERT INTO SATIS VALUES(67,26,706);
INSERT INTO SATIS VALUES(68,24,707);
INSERT INTO SATIS VALUES(69,27,708);
INSERT INTO SATIS VALUES(70,26,709);


--(Oto_ID,Oto_Model,Oto_Kapasite,Oto_Plaka,Oto_Telefon)
INSERT INTO OTOBUS VALUES(200,'Volvo',30,'77 YLV 34','4441500');
INSERT INTO OTOBUS VALUES(201,'Volvo',30,'77 XZ 41','4441501');
INSERT INTO OTOBUS VALUES(202,'Setra',25,'77 ER 88','4441502');
INSERT INTO OTOBUS VALUES(203,'Travego',25,'77 JK 89','4441503');
INSERT INTO OTOBUS VALUES(204,'Isuzu',40,'77 HL 256','4441504');
INSERT INTO OTOBUS VALUES(205,'Isuzu',40,'77 BJH 91','4441505');
INSERT INTO OTOBUS VALUES(206,'Isuzu',50,'77 RTY 36','4441506');
INSERT INTO OTOBUS VALUES(209,'Travego',45,'77 UI 51','4441507');
INSERT INTO OTOBUS VALUES(210,'Setra',50,'77 TVD 02','4441508');
INSERT INTO OTOBUS VALUES(211,'BMC',30,'77 NK 564','4441509');

--(Sofor_TC,Sofor_Ad,Sofor_Soyad,Sofor_Yas,Sofor_Ehliyet,Sofor_Tel)
INSERT INTO SOFOR VALUES(11010,'Ahmet','GÜNDÜZ',47,574310,'05357433714');
INSERT INTO SOFOR VALUES(11011,'Ahmet','GÜNES',25, 574410,'05357433915');
INSERT INTO SOFOR VALUES(11012,'Veli','ALTÜRK',30,574510,'05357433719');
INSERT INTO SOFOR VALUES(11013,'Ibrahim','SENYURT',35,574610,'05327433714');
INSERT INTO SOFOR VALUES(11014,'Hüseyin','SENTÜRK',29,574710,'05337434714');
INSERT INTO SOFOR VALUES(11015,'Fatih','YALCÝn',30,574810,'05377434055');
INSERT INTO SOFOR VALUES(11016,'Ahmet','TIRYAKI',31,574910,'05397433714');
INSERT INTO SOFOR VALUES(11017,'Veli','GÜNDÜZ',45,574100,'05357437817');
INSERT INTO SOFOR VALUES(11018,'Selim','ASLAN',40,574117,'05447493714');
INSERT INTO SOFOR VALUES(11019,'Arslan','ALGI',28,574987,'05557433718');

--(Guzergah_No,Kalkis_Yeri,Varis_Yeri,Ortalama_Varis_Suresi)
INSERT INTO GUZERGAH VALUES(201200,'Yalova','Bursa',50);
INSERT INTO GUZERGAH VALUES(201206,'Yalova','Ankara',300);
INSERT INTO GUZERGAH VALUES(201234,'Yalova','Istanbul',150);
INSERT INTO GUZERGAH VALUES(201245,'Yalova','Manisa',360);

--(Muavin_TC,Muavin_Ad,Muavin_Soyad,Muavin_Yas)
INSERT INTO MUAVIN VALUES(1,'Yakup','DURUS',19);
INSERT INTO MUAVIN VALUES(2,'Osman','SENTÜRK',25);
INSERT INTO MUAVIN VALUES(3,'Adem','ÖZYURT',19);
INSERT INTO MUAVIN VALUES(4,'Akýn','DURUS',26);
INSERT INTO MUAVIN VALUES(5,'Osman','AK',45);
INSERT INTO MUAVIN VALUES(6,'Yasin','YAGCI',25);
INSERT INTO MUAVIN VALUES(7,'Onur','OLUR',36);
INSERT INTO MUAVIN VALUES(8,'Furkan','DURUS',18);
INSERT INTO MUAVIN VALUES(9,'Cemil','CAN',40);
INSERT INTO MUAVIN VALUES(10,'Fehmi','FARAS',42);

--(Mola_ID,Mola_Yeri,Mola_Adres,Mola_Tel)
INSERT INTO MOLA_YERI VALUES(301300,'Kartepe','Orhangazi-Bursa',2232421);
INSERT INTO MOLA_YERI VALUES(301301,'Baskent Mola','Polatli-Ankara',5471562);
INSERT INTO MOLA_YERI VALUES(301302,'Harem','Uskudar-Istanbul',2120202);
INSERT INTO MOLA_YERI VALUES(301303,'Paksaray','Aksaray-Manisa',2547896);

    --1.GÜN SEFER(9 EKÝM)
  --(Kalkis_Saati,Varis_Saati,Sefer_Tarihi,Sefer_ID,Bilet_ID,Guzergah_No,Muavin_TC,Sofor_TC,Oto_ID,Mola_ID)
INSERT INTO SEFER VALUES('10:00','16:00','09-10-2014',360,11,201206,1,11010,200,301301);--ANKARA
INSERT INTO SEFER VALUES('10:00','16:00','09-10-2014',360,21,201206,1,11010,200,301301);--ANKARA
INSERT INTO SEFER VALUES('10:00','16:00','09-10-2014',360,31,201206,1,11010,200,301301);--ANKARA
INSERT INTO SEFER VALUES('10:00','16:00','09-10-2014',360,41,201206,1,11010,200,301301);--ANKARA
INSERT INTO SEFER VALUES('10:00','16:00','09-10-2014',360,51,201206,1,11010,200,301301);--ANKARA
INSERT INTO SEFER VALUES('10:00','16:00','09-10-2014',360,61,201206,1,11010,200,301301);--ANKARA
INSERT INTO SEFER VALUES('10:00','16:00','09-10-2014',360,71,201206,1,11010,200,301301);--ANKARA
INSERT INTO SEFER VALUES('10:00','16:00','09-10-2014',360,81,201206,1,11010,200,301301);--ANKARA
INSERT INTO SEFER VALUES('10:00','16:00','09-10-2014',360,91,201206,1,11010,200,301301);--ANKARA
INSERT INTO SEFER VALUES('10:00','16:00','09-10-2014',360,101,201206,1,11010,200,301301);--ANKARA






INSERT INTO SEFER VALUES('12:00','13:00','09-10-2014',120,111,201200,5,11011,203,301300);--BURSA
INSERT INTO SEFER VALUES('12:00','13:00','09-10-2014',120,121,201200,5,11011,203,301300);--BURSA
INSERT INTO SEFER VALUES('12:00','13:00','09-10-2014',120,131,201200,5,11011,203,301300);--BURSA
INSERT INTO SEFER VALUES('12:00','13:00','09-10-2014',120,141,201200,5,11011,203,301300);--BURSA
INSERT INTO SEFER VALUES('12:00','13:00','09-10-2014',120,151,201200,5,11011,203,301300);--BURSA
INSERT INTO SEFER VALUES('12:00','13:00','09-10-2014',120,161,201200,5,11011,203,301300);--BURSA
INSERT INTO SEFER VALUES('12:00','13:00','09-10-2014',120,171,201200,5,11011,203,301300);--BURSA
INSERT INTO SEFER VALUES('12:00','13:00','09-10-2014',120,181,201200,5,11011,203,301300);--BURSA
INSERT INTO SEFER VALUES('12:00','13:00','09-10-2014',120,191,201200,5,11011,203,301300);--BURSA
INSERT INTO SEFER VALUES('12:00','13:00','09-10-2014',120,201,201200,5,11011,203,301300);--BURSA

INSERT INTO SEFER VALUES('13:00','15:45','09-10-2014',34,202,201234,2,11012,205,301302);--ISTANBUL
INSERT INTO SEFER VALUES('13:00','15:45','09-10-2014',34,203,201234,2,11012,205,301302);--ISTANBUL
INSERT INTO SEFER VALUES('13:00','15:45','09-10-2014',34,204,201234,2,11012,205,301302);--ISTANBUL
INSERT INTO SEFER VALUES('13:00','15:45','09-10-2014',34,205,201234,2,11012,205,301302);--ISTANBUL
INSERT INTO SEFER VALUES('13:00','15:45','09-10-2014',34,206,201234,2,11012,205,301302);--ISTANBUL
INSERT INTO SEFER VALUES('13:00','15:45','09-10-2014',34,207,201234,2,11012,205,301302);--ISTANBUL
INSERT INTO SEFER VALUES('13:00','15:45','09-10-2014',34,208,201234,2,11012,205,301302);--ISTANBUL
INSERT INTO SEFER VALUES('13:00','15:45','09-10-2014',34,209,201234,2,11012,205,301302);--ISTANBUL
INSERT INTO SEFER VALUES('13:00','15:45','09-10-2014',34,210,201234,2,11012,205,301302);--ISTANBUL
INSERT INTO SEFER VALUES('13:00','15:45','09-10-2014',34,211,201234,2,11012,205,301302);--ISTANBUL
INSERT INTO SEFER VALUES('13:00','15:45','09-10-2014',34,212,201234,2,11012,205,301302);--ISTANBUL
INSERT INTO SEFER VALUES('13:00','15:45','09-10-2014',34,213,201234,2,11012,205,301302);--ISTANBUL
INSERT INTO SEFER VALUES('13:00','15:45','09-10-2014',34,214,201234,2,11012,205,301302);--ISTANBUL
INSERT INTO SEFER VALUES('13:00','15:45','09-10-2014',34,215,201234,2,11012,205,301302);--ISTANBUL
INSERT INTO SEFER VALUES('13:00','15:45','09-10-2014',34,216,201234,2,11012,205,301302);--ISTANBUL

     --2.GÜN SEFER (10 EKÝM)
INSERT INTO SEFER VALUES('10:00','16:00','10-10-2014',361,400,201206,3,11019,211,301301);--ANKARA
INSERT INTO SEFER VALUES('10:00','16:00','10-10-2014',361,401,201206,3,11019,211,301301);--ANKARA
INSERT INTO SEFER VALUES('10:00','16:00','10-10-2014',361,402,201206,3,11019,211,301301);--ANKARA
INSERT INTO SEFER VALUES('10:00','16:00','10-10-2014',361,403,201206,3,11019,211,301301);--ANKARA
INSERT INTO SEFER VALUES('10:00','16:00','10-10-2014',361,404,201206,3,11019,211,301301);--ANKARA
INSERT INTO SEFER VALUES('10:00','16:00','10-10-2014',361,405,201206,3,11019,211,301301);--ANKARA
INSERT INTO SEFER VALUES('10:00','16:00','10-10-2014',361,406,201206,3,11019,211,301301);--ANKARA
INSERT INTO SEFER VALUES('10:00','16:00','10-10-2014',361,407,201206,3,11019,211,301301);--ANKARA
INSERT INTO SEFER VALUES('10:00','16:00','10-10-2014',361,408,201206,3,11019,211,301301);--ANKARA
INSERT INTO SEFER VALUES('10:00','16:00','10-10-2014',361,409,201206,3,11019,211,301301);--ANKARA

INSERT INTO SEFER VALUES('14:00','15:00','10-10-2014',121,700,201200,6,11018,210,301300);--BURSA
INSERT INTO SEFER VALUES('14:00','15:00','10-10-2014',121,701,201200,6,11018,210,301300);--BURSA
INSERT INTO SEFER VALUES('14:00','15:00','10-10-2014',121,702,201200,6,11018,210,301300);--BURSA
INSERT INTO SEFER VALUES('14:00','15:00','10-10-2014',121,703,201200,6,11018,210,301300);--BURSA
INSERT INTO SEFER VALUES('14:00','15:00','10-10-2014',121,704,201200,6,11018,210,301300);--BURSA
INSERT INTO SEFER VALUES('14:00','15:00','10-10-2014',121,705,201200,6,11018,210,301300);--BURSA
INSERT INTO SEFER VALUES('14:00','15:00','10-10-2014',121,706,201200,6,11018,210,301300);--BURSA
INSERT INTO SEFER VALUES('14:00','15:00','10-10-2014',121,707,201200,6,11018,210,301300);--BURSA
INSERT INTO SEFER VALUES('14:00','15:00','10-10-2014',121,708,201200,6,11018,210,301300);--BURSA
INSERT INTO SEFER VALUES('14:00','15:00','10-10-2014',121,709,201200,6,11018,210,301300);--BURSA



INSERT INTO SEFER VALUES('08:00','15:00','10-10-2014',350,500,201245,7,11016,206,301303);--MANÝSA
INSERT INTO SEFER VALUES('08:00','15:00','10-10-2014',350,501,201245,7,11016,206,301303);--MANÝSA
INSERT INTO SEFER VALUES('08:00','15:00','10-10-2014',350,502,201245,7,11016,206,301303);--MANÝSA
INSERT INTO SEFER VALUES('08:00','15:00','10-10-2014',350,503,201245,7,11016,206,301303);--MANÝSA
INSERT INTO SEFER VALUES('08:00','15:00','10-10-2014',350,504,201245,7,11016,206,301303);--MANÝSA
INSERT INTO SEFER VALUES('08:00','15:00','10-10-2014',350,505,201245,7,11016,206,301303);--MANÝSA
INSERT INTO SEFER VALUES('08:00','15:00','10-10-2014',350,506,201245,7,11016,206,301303);--MANÝSA
INSERT INTO SEFER VALUES('08:00','15:00','10-10-2014',350,507,201245,7,11016,206,301303);--MANÝSA
INSERT INTO SEFER VALUES('08:00','15:00','10-10-2014',350,508,201245,7,11016,206,301303);--MANÝSA
INSERT INTO SEFER VALUES('08:00','15:00','10-10-2014',350,509,201245,7,11016,206,301303);--MANÝSA

INSERT INTO SEFER VALUES('15:00','17:50','10-10-2014',35,600,201234,2,11013,200,301302);--ISTANBUL
INSERT INTO SEFER VALUES('15:00','17:50','10-10-2014',35,601,201234,2,11013,200,301302);--ISTANBUL
INSERT INTO SEFER VALUES('15:00','17:50','10-10-2014',35,602,201234,2,11013,200,301302);--ISTANBUL
INSERT INTO SEFER VALUES('15:00','17:50','10-10-2014',35,603,201234,2,11013,200,301302);--ISTANBUL
INSERT INTO SEFER VALUES('15:00','17:50','10-10-2014',35,604,201234,2,11013,200,301302);--ISTANBUL
INSERT INTO SEFER VALUES('15:00','17:50','10-10-2014',35,605,201234,2,11013,200,301302);--ISTANBUL
INSERT INTO SEFER VALUES('15:00','17:50','10-10-2014',35,606,201234,2,11013,200,301302);--ISTANBUL
INSERT INTO SEFER VALUES('15:00','17:50','10-10-2014',35,607,201234,2,11013,200,301302);--ISTANBUL
INSERT INTO SEFER VALUES('15:00','17:50','10-10-2014',35,608,201234,2,11013,200,301302);--ISTANBUL
INSERT INTO SEFER VALUES('15:00','17:50','10-10-2014',35,609,201234,2,11013,200,301302);--ISTANBUL
INSERT INTO SEFER VALUES('15:00','17:50','10-10-2014',35,610,201234,2,11013,200,301302);--ISTANBUL
INSERT INTO SEFER VALUES('15:00','17:50','10-10-2014',35,611,201234,2,11013,200,301302);--ISTANBUL
INSERT INTO SEFER VALUES('15:00','17:50','10-10-2014',35,612,201234,2,11013,200,301302);--ISTANBUL
INSERT INTO SEFER VALUES('15:00','17:50','10-10-2014',35,613,201234,2,11013,200,301302);--ISTANBUL
INSERT INTO SEFER VALUES('15:00','17:50','10-10-2014',35,614,201234,2,11013,200,301302);--ISTANBUL
INSERT INTO SEFER VALUES('15:00','17:50','10-10-2014',35,615,201234,2,11013,200,301302);--ISTANBUL
INSERT INTO SEFER VALUES('15:00','17:50','10-10-2014',35,616,201234,2,11013,200,301302);--ISTANBUL
INSERT INTO SEFER VALUES('15:00','17:50','10-10-2014',35,617,201234,2,11013,200,301302);--ISTANBUL
INSERT INTO SEFER VALUES('15:00','17:50','10-10-2014',35,618,201234,2,11013,200,301302);--ISTANBUL
INSERT INTO SEFER VALUES('15:00','17:50','10-10-2014',35,619,201234,2,11013,200,301302);--ISTANBUL



  